A10-AX-MIB,1.3.6.1.4.1.22610.2.4
A10-COMMON-MIB,1.3.6.1.4.1.22610
ACCEDIAN-SMI,1.3.6.1.4.1.22420
ACD-ALARM-MIB,1.3.6.1.4.1.22420.2.1
ACD-CFM-MIB,1.3.6.1.4.1.22420.2.7
ACD-DESC-MIB,1.3.6.1.4.1.22420.1.1
ACD-DISCOVERY-MIB,1.3.6.1.4.1.22420.2.11
ACD-FILTER-MIB,1.3.6.1.4.1.22420.2.2
ACD-PAA-MIB,1.3.6.1.4.1.22420.2.5
ACD-POLICY-MIB,1.3.6.1.4.1.22420.2.3
ACD-PORT-MIB,1.3.6.1.4.1.22420.2.9
ACD-REGULATOR-MIB,1.3.6.1.4.1.22420.2.6
ACD-SA-MIB,1.3.6.1.4.1.22420.2.12
ACD-SFP-MIB,1.3.6.1.4.1.22420.2.4
ACD-SHAPER-MIB,1.3.6.1.4.1.22420.2.10
ACD-SMAP-MIB,1.3.6.1.4.1.22420.2.8
ACD-TID-MIB,1.3.6.1.4.1.22420.2.14
ADONIS-DNS-MIB,1.3.6.1.4.1.13315.100.101
ADR155C-MIB,1.3.6.1.4.1.1038.12
ADR2500C-MIB,1.3.6.1.4.1.1038.17
ADR63E1-MIB,1.3.6.1.4.1.1038.18
ADSL-LINE-EXT-MIB,1.3.6.1.2.1.10.94.3
ADSL-LINE-MIB,1.3.6.1.2.1.10.94
ADSL-TC-MIB,1.3.6.1.2.1.10.94.2
ADSL2-LINE-TC-MIB,1.3.6.1.2.1.10.238.2
ADTRAN-AOS-3G,1.3.6.1.4.1.664.6.10000.53.6.2
ADTRAN-AOS-DESKTOP-AUDITING,1.3.6.1.4.1.664.6.10000.53.4.1
ADTRAN-AOS-DNS-MIB,1.3.6.1.4.1.664.5.53.8.1
ADTRAN-AOS-DS1-EXT,1.3.6.1.4.1.664.6.10000.53.6.1
ADTRAN-AOS-DYING-GASP-MIB,1.3.6.1.4.1.664.6.10000.53.1.11
ADTRAN-AOS-FAN-MIB,1.3.6.1.4.1.664.6.10000.53.1.8
ADTRAN-AOS-MEDIAGATEWAY-MIB,1.3.6.1.4.1.664.6.10000.53.5.2
ADTRAN-AOS-MEF-MIB,1.3.6.1.4.1.664.5.53.9
ADTRAN-AOS-MUX-MIB,1.3.6.1.4.1.664.6.10000.53.1.5
ADTRAN-AOS-NETWORK-SYNC-MIB,1.3.6.1.4.1.664.6.10000.53.1.9
ADTRAN-AOS-NETWORKMONITOR,1.3.6.1.4.1.664.6.10000.53.2.2
ADTRAN-AOS-OVER-TEMP-PROTECTION-MIB,1.3.6.1.4.1.664.6.10000.53.1.10
ADTRAN-AOS-PORT-SECURITY-MIB,1.3.6.1.4.1.664.6.10000.53.4.1
ADTRAN-AOS-POWER,1.3.6.1.4.1.664.5.53.7.1
ADTRAN-AOS-QOS,1.3.6.1.4.1.664.6.10000.53.2.1
ADTRAN-AOS-SIP-PROXY-MIB,1.3.6.1.4.1.664.6.10000.53.5.5
ADTRAN-AOS-SIP-REGISTRATION,1.3.6.1.4.1.664.6.10000.53.5.4
ADTRAN-AOS-VQM,1.3.6.1.4.1.664.6.10000.53.5.3
ADTRAN-AOS-VRRP-MIB,1.3.6.1.4.1.664.6.10000.53.2.3
ADTRAN-AOS,1.3.6.1.4.1.664.6.10000.53
ADTRAN-AOSCPU,1.3.6.1.4.1.664.6.10000.4
ADTRAN-AOSDOWNLOAD,1.3.6.1.4.1.664.6.10000.53.1.3
ADTRAN-AOSFILESYSTEM,1.3.6.1.4.1.664.6.10000.53.1.6
ADTRAN-AOSSNMP,1.3.6.1.4.1.664.6.10000.53.1.2
ADTRAN-AOSUNIT,1.3.6.1.4.1.664.6.10000.53.1.1
ADTRAN-COMMON-AOS,1.3.6.1.4.1.664.5.53.1
ADTRAN-IF-PERF-HISTORY-MIB,1.3.6.1.4.1.664.6.10000.53.1.7
ADTRAN-MEF-PER-COS-PER-EVC-PERF-HISTORY-MIB,1.3.6.1.4.1.664.6.10000.53.9.4
ADTRAN-MEF-PER-COS-PER-UNI-PERF-HISTORY-MIB,1.3.6.1.4.1.664.6.10000.53.9.2
ADTRAN-MEF-PER-EVC-PERF-HISTORY-MIB,1.3.6.1.4.1.664.6.10000.53.9.3
ADTRAN-MEF-PER-UNI-PERF-HISTORY-MIB,1.3.6.1.4.1.664.6.10000.53.9.1
ADTRAN-MIB,1.3.6.1.4.1.664
ADVANTECH-COMMON-MIB,1.3.6.1.4.1.10297.100
ADVANTECH-EKI-PRONEER-MIB,1.3.6.1.4.1.10297
AIRPORT-BASESTATION-3-MIB,1.3.6.1.4.1.63.501.3
ALARM-MIB,1.3.6.1.2.1.118
ANUE-MIB,1.3.6.1.4.1.32620
ARBOR-SMI,1.3.6.1.4.1.9694
ARISTA-BGP4V2-MIB,1.3.6.1.4.1.30065.4.1
ARISTA-BGP4V2-TC-MIB,1.3.6.1.4.1.30065.4.2
ARISTA-ENTITY-SENSOR-MIB,1.3.6.1.4.1.30065.3.12
ARISTA-GENERAL-MIB,1.3.6.1.4.1.30065.3.24
ARISTA-IF-MIB,1.3.6.1.4.1.30065.3.15
ARISTA-NEXTHOP-GROUP-MIB,1.3.6.1.4.1.30065.3.21
ARISTA-SMI-MIB,1.3.6.1.4.1.30065
ARISTA-VRF-MIB,1.3.6.1.4.1.30065.3.18
ASCOM-IPDECT-MIB,1.3.6.1.4.1.27614.1.1.1
ASENTRIA-ROOT-MIB,1.3.6.1.4.1.3052
AT-ALMMON-MIB,1.3.6.1.4.1.207.8.4.4.3.26
AT-ATMF-MIB,1.3.6.1.4.1.207.8.4.4.4.603
AT-BOARDS-MIB,1.3.6.1.4.1.207.8.4.4.1.1
AT-CHASSIS-MIB,1.3.6.1.4.1.207.8.4.4.3.23
AT-DHCPSN-MIB,1.3.6.1.4.1.207.8.4.4.4.537
AT-DNS-CLIENT-MIB,1.3.6.1.4.1.207.8.4.4.4.501.1
AT-ENVMONv2-MIB,1.3.6.1.4.1.207.8.4.4.3.12
AT-EPSRv2-MIB,1.3.6.1.4.1.207.8.4.4.4.536
AT-FIBER-MONITORING-MIB,1.3.6.1.4.1.207.8.4.4.3.27
AT-FILEv2-MIB,1.3.6.1.4.1.207.8.4.4.4.600
AT-G8032v2-MIB,1.3.6.1.4.1.207.8.4.4.4.604
AT-HHM-MIB,1.3.6.1.4.1.207.8.4.4.3.24
AT-IP-MIB,1.3.6.1.4.1.207.8.4.4.4.602
AT-LICENSE-MIB,1.3.6.1.4.1.207.8.4.4.3.22
AT-LINKTRAP-MIB,1.3.6.1.4.1.207.8.4.4.3.25
AT-LOG-MIB,1.3.6.1.4.1.207.8.4.4.4.601
AT-LOOPPROTECT-MIB,1.3.6.1.4.1.207.8.4.4.4.54
AT-MIBVERSION-MIB,1.3.6.1.4.1.207.8.4.4.3.15
AT-NTP-MIB,1.3.6.1.4.1.207.8.4.4.4.502
AT-PLUGGABLE-DIAGNOSTICS-MIB,1.3.6.1.4.1.207.8.4.4.3.28
AT-PRODUCT-MIB,1.3.6.1.4.1.207.1
AT-PTP-MIB,1.3.6.1.4.1.207.8.4.4.4.504
AT-QOSv2-MIB,1.3.6.1.4.1.207.8.4.4.4.503
AT-RESOURCE-MIB,1.3.6.1.4.1.207.8.4.4.3.21
AT-SETUP-MIB,1.3.6.1.4.1.207.8.4.4.4.500
AT-SMI-MIB,1.3.6.1.4.1.207
AT-SWITCH-MIB,1.3.6.1.4.1.207.8.4.4.4.87
AT-SYSINFO-MIB,1.3.6.1.4.1.207.8.4.4.3
AT-TRIGGER-MIB,1.3.6.1.4.1.207.8.4.4.4.53
AT-UDLD-MIB,1.3.6.1.4.1.207.8.4.4.4.550
AT-USER-MIB,1.3.6.1.4.1.207.8.4.4.3.20
AT-UWC-WLAN-SWITCH-MIB,1.3.6.1.4.1.207.8.42.8.34
AT-VCSTACK-MIB,1.3.6.1.4.1.207.8.4.4.3.13
AT-VLAN-MIB,1.3.6.1.4.1.207.8.4.4.3.16
AT-XEM-MIB,1.3.6.1.4.1.207.8.4.4.3.11
ATEN-PE-CFG-STR,1.3.6.1.4.1.21317
ATEN-PE-CFG,1.3.6.1.4.1.21317
ATKK-WLAN-ACCESS,1.3.6.1.4.1.207.8.42.6
ATM-FORUM-M4-MIB,1.3.6.1.4.1.353.100
ATM-FORUM-SNMP-M4-MIB,1.3.6.1.4.1.353.5.1.3.1
ATM-MIB,1.3.6.1.2.1.37
ATM-TC-MIB,1.3.6.1.2.1.37.3
AV-SME-PLATFORM-MIB,1.3.6.1.4.1.6889.2.48
AV-SME-PLATFORM-PROD-MIB,1.3.6.1.4.1.6889.1.48
AVAYAGEN-MIB,1.3.6.1.4.1.6889
AVIAT-ALARM-REPORTING-MIB,1.3.6.1.4.1.2509.9.47
AVIAT-G826-MIB,1.3.6.1.4.1.2509.9.14
AVIAT-MODEM-MIB,1.3.6.1.4.1.2509.9.3
AVIAT-RF-MIB,1.3.6.1.4.1.2509.9.5
AVIAT-RXPERFORMANCE-EX-MIB,1.3.6.1.4.1.2509.9.33
AVIAT-RXPERFORMANCE-MIB,1.3.6.1.4.1.2509.9.15
AVIAT-SWMANAGEMENT-MIB,1.3.6.1.4.1.2509.9.11
AVIAT-TEXTCONVENTION-MIB,1.3.6.1.4.1.2509.9.1
AXIS-ROOT-MIB,1.3.6.1.4.1.368
AXIS-VIDEO-MIB,1.3.6.1.4.1.368.4
Argus-Power-System-MIB,1.3.6.1.4.1.7309
B100-MIB,1.3.6.1.4.1.12196.13
BARCO-CLICKSHARE-MIB,1.3.6.1.4.1.7312.2468
BARRACUDA-REF,1.3.6.1.4.1.20632
BCN-COMMANDSERVER-MIB,1.3.6.1.4.1.13315.3.1.7.1
BCN-DHCPV4-MIB,1.3.6.1.4.1.13315.3.1.1.1
BCN-DNS-MIB,1.3.6.1.4.1.13315.3.1.2.1
BCN-HA-MIB,1.3.6.1.4.1.13315.3.1.5.1
BCN-LICENSE-MIB,1.3.6.1.4.1.13315.3.1.6.1
BCN-NTP-MIB,1.3.6.1.4.1.13315.3.1.4.1
BCN-PRODUCTS-MIB,1.3.6.1.4.1.13315.4.2
BCN-SMI-MIB,1.3.6.1.4.1.13315.4.1
BCN-SYSTEM-MIB,1.3.6.1.4.1.13315.3.2.1
BCN-TC-MIB,1.3.6.1.4.1.13315.4.3
BCN-TFTP-MIB,1.3.6.1.4.1.13315.3.1.3.1
BEGEMOT-ATM-FREEBSD-MIB,1.3.6.1.4.1.12325.1.101.1.4.1
BEGEMOT-ATM-MIB,1.3.6.1.4.1.12325.1.101
BEGEMOT-BRIDGE-MIB,1.3.6.1.4.1.12325.1.205
BEGEMOT-HAST-MIB,1.3.6.1.4.1.12325.1.220
BEGEMOT-HOSTRES-MIB,1.3.6.1.4.1.12325.1.202
BEGEMOT-IP-MIB,1.3.6.1.4.1.12325.1.3
BEGEMOT-MIB,1.3.6.1.4.1.12325.1
BEGEMOT-MIB2-MIB,1.3.6.1.4.1.12325.1.3.1
BEGEMOT-NETGRAPH-MIB,1.3.6.1.4.1.12325.1.2
BEGEMOT-PF-MIB,1.3.6.1.4.1.12325.1.200
BEGEMOT-SNMPD-MIB,1.3.6.1.4.1.12325.1.1
BEGEMOT-WIRELESS-MIB,1.3.6.1.4.1.12325.1.210
BENU-CGNAT-STATS-MIB,1.3.6.1.4.1.39406.2.1.9
BENU-CHASSIS-MIB,1.3.6.1.4.1.39406.1.1
BENU-DHCP-MIB,1.3.6.1.4.1.39406.2.1.6
BENU-ENTERPRISE-MIB,1.3.6.1.4.1.39406
BENU-GENERAL-NOTIFICATION-MIB,1.3.6.1.4.1.39406.1.4
BENU-HOST-MIB,1.3.6.1.4.1.39406.1.5
BENU-HTTP-CLIENT-MIB,1.3.6.1.4.1.39406.2.1.11
BENU-HTTP-SERVER-MIB,1.3.6.1.4.1.39406.2.1.10
BENU-IP-MIB,1.3.6.1.4.1.39406.1.6
BENU-IPPOOL-MIB,1.3.6.1.4.1.39406.2.1.5
BENU-KAFKA-CLIENT-MIB,1.3.6.1.4.1.39406.2.1.12
BENU-PLATFORM-DEFN-MIB,1.3.6.1.4.1.39406.1.2
BENU-PLATFORM-MIB,1.3.6.1.4.1.39406.1
BENU-PLATFORM-SERVICE-MIB,1.3.6.1.4.1.39406.2
BENU-RADIUS-MIB,1.3.6.1.4.1.39406.2.1.4
BENU-SUB-TUNNEL-MIB,1.3.6.1.4.1.39406.2.1.2
BENU-SYSLOG-MIB,1.3.6.1.4.1.39406.1.3
BENU-TWAG-STATS-MIB,1.3.6.1.4.1.39406.2.1.7
BENU-VLAN-MIB,1.3.6.1.4.1.39406.2.1.8
BENU-WAG-MIB,1.3.6.1.4.1.39406.2.1
BENU-WAG-STATS-MIB,1.3.6.1.4.1.39406.2.1.3
BGP4-MIB,1.3.6.1.2.1.15
BGP4V2-TC-MIB,1.3.6.1.2.1.100
BLUECATNETWORKS-MIB,1.3.6.1.4.1.13315.1
BLUECOAT-LICENSE-MIB,1.3.6.1.4.1.3417.2.16
BLUECOAT-MIB,1.3.6.1.4.1.3417
BLUECOAT-SEGMENT-MIB,1.3.6.1.4.1.3417.2.17
BLUECOAT-SG-ATTACK-MIB,1.3.6.1.4.1.3417.2.3
BLUECOAT-SG-AUTHENTICATION-MIB,1.3.6.1.4.1.3417.2.15
BLUECOAT-SG-DISK-MIB,1.3.6.1.4.1.3417.2.2
BLUECOAT-SG-FAILOVER-MIB,1.3.6.1.4.1.3417.2.13
BLUECOAT-SG-HEALTHCHECK-MIB,1.3.6.1.4.1.3417.2.7
BLUECOAT-SG-HEALTHMONITOR-MIB,1.3.6.1.4.1.3417.2.12
BLUECOAT-SG-ICAP-MIB,1.3.6.1.4.1.3417.2.14
BLUECOAT-SG-POLICY-MIB,1.3.6.1.4.1.3417.2.6
BLUECOAT-SG-PROXY-MIB,1.3.6.1.4.1.3417.2.11
BLUECOAT-SG-SENSOR-MIB,1.3.6.1.4.1.3417.2.1
BLUECOAT-SG-USAGE-MIB,1.3.6.1.4.1.3417.2.4
BLUECOAT-SG-WCCP-MIB,1.3.6.1.4.1.3417.2.5
BRIDGE-MIB,1.3.6.1.2.1.17
BTI8xx-INTERFACE-MIB,1.3.6.1.4.1.30005.1.7.100.1.2.5
BTI8xx-MIB,1.3.6.1.4.1.30005.1.7
BTI8xx-SFP-MIB,1.3.6.1.4.1.30005.1.7.100.1.2.6
BTI8xx-SYSTEM-MIB,1.3.6.1.4.1.30005.1.7.100.1.2.1
BTI8xx-TC-MIB,1.3.6.1.4.1.30005.1.7.100
BWS-MIB,1.3.6.1.4.1.20632.8
CA-SNMP-MIB8,1.3.6.1.4.1.7564
CAMBIUM-MIB,1.3.6.1.4.1.17713.22
CAMBIUM-PTP500-MIB,1.3.6.1.4.1.17713
CAMBIUM-PTP600-MIB,1.3.6.1.4.1.17713
CAREL-RITTAL-LCP-3311-MIB,1.3.6.1.4.1.9839
CAREL-ug40cdz-MIB,1.3.6.1.4.1.9839.2.1
CELLULAR,1.3.6.1.4.1.23695.200.1.12
CHECKPOINT-MIB,1.3.6.1.4.1.2620
CITRIX-NetScaler-SD-WAN-MIB,1.3.6.1.4.1.3845.31
CMM4-MIB,1.3.6.1.4.1.161.19.1.1.15
COLUBRIS-802DOT11-MIB,1.3.6.1.4.1.8744.5.4
COLUBRIS-802DOT1X-ACCESS-MIB,1.3.6.1.4.1.8744.5.8
COLUBRIS-AAA-CLIENT-MIB,1.3.6.1.4.1.8744.5.5
COLUBRIS-BANDWIDTH-CONTROL-MIB,1.3.6.1.4.1.8744.5.14
COLUBRIS-CDP-MIB,1.3.6.1.4.1.8744.5.9
COLUBRIS-CLIENT-TRACKING-MIB,1.3.6.1.4.1.8744.5.19
COLUBRIS-CONNECTION-LIMITING-MIB,1.3.6.1.4.1.8744.5.18
COLUBRIS-DEVICE-DOT1X-MIB,1.3.6.1.4.1.8744.5.32
COLUBRIS-DEVICE-EVENT-MIB,1.3.6.1.4.1.8744.5.26
COLUBRIS-DEVICE-IF-MIB,1.3.6.1.4.1.8744.5.24
COLUBRIS-DEVICE-MIB,1.3.6.1.4.1.8744.5.23
COLUBRIS-DEVICE-WDS-MIB,1.3.6.1.4.1.8744.5.34
COLUBRIS-DEVICE-WIRELESS-MIB,1.3.6.1.4.1.8744.5.25
COLUBRIS-LICENSE-MIB,1.3.6.1.4.1.8744.5.29
COLUBRIS-MAINTENANCE-MIB,1.3.6.1.4.1.8744.5.2
COLUBRIS-PRODUCTS-MIB,1.3.6.1.4.1.8744.4.2
COLUBRIS-PUBLIC-ACCESS-MIB,1.3.6.1.4.1.8744.5.1
COLUBRIS-PUBLIC-ACCESS-RETENTION-MIB,1.3.6.1.4.1.8744.5.15
COLUBRIS-QOS-MIB,1.3.6.1.4.1.8744.5.13
COLUBRIS-SATELLITE-MANAGEMENT-MIB,1.3.6.1.4.1.8744.5.7
COLUBRIS-SENSOR-MIB,1.3.6.1.4.1.8744.5.31
COLUBRIS-SMI,1.3.6.1.4.1.8744
COLUBRIS-SYSLOG-MIB,1.3.6.1.4.1.8744.5.3
COLUBRIS-SYSTEM-MIB,1.3.6.1.4.1.8744.5.6
COLUBRIS-TC,1.3.6.1.4.1.8744.4.1
COLUBRIS-TOOLS-MIB,1.3.6.1.4.1.8744.5.12
COLUBRIS-USAGE-INFORMATION-MIB,1.3.6.1.4.1.8744.5.21
COLUBRIS-USER-ACCOUNT-MIB,1.3.6.1.4.1.8744.5.35
COLUBRIS-USER-SESSION-MIB,1.3.6.1.4.1.8744.5.36
COLUBRIS-VIRTUAL-AP-MIB,1.3.6.1.4.1.8744.5.11
COLUBRIS-VSC-MIB,1.3.6.1.4.1.8744.5.22
COLUBRIS-WDS-MIB,1.3.6.1.4.1.8744.5.33
COLUBRIS-WIRELESS-CLIENT-MIB,1.3.6.1.4.1.8744.5.20
CONTROLBOX-TH332-MIB,1.3.6.1.4.1.17095.2
CONTROLLER-MIB,1.3.6.1.4.1.31218
CORERO-CMS-MIB,1.3.6.1.4.1.41036.4
CORERO-MIB,1.3.6.1.4.1.41036
CT-FASTPATH-DHCPSERVER-MIB,1.3.6.1.4.1.52.4.2.32.1
CT-FASTPATH-PROTECTED-PORT-MIB,1.3.6.1.4.1.52.4.2.33.1
CTRON-ALIAS-MIB,1.3.6.1.4.1.52.4.1.3.7.1
CTRON-AP3000-MIB,1.3.6.1.4.1.52.4.13
CTRON-CDP-MIB,1.3.6.1.4.1.52.4.1.2.19.3
CTRON-ENTITY-STATE-MIB,1.3.6.1.4.1.52.4.2.31.1
CTRON-ENTITY-STATE-TC-MIB,1.3.6.1.4.1.52.4.2.30.1
CTRON-IGMP-MIB,1.3.6.1.4.1.52.4.1.3.5.1
CTRON-PRIORITY-CLASSIFY-MIB,1.3.6.1.4.1.52.4.1.2.14.6
CTRON-RATE-POLICING-MIB,1.3.6.1.4.1.52.4.1.2.14.7
CTRON-SMARTTRUNK-MIB,1.3.6.1.4.1.52.4.1.2.20.1
CTRON-SSR-CAPACITY-MIB,1.3.6.1.4.1.52.2501.1.270
CTRON-SSR-CONFIG-MIB,1.3.6.1.4.1.52.2501.1.230
CTRON-SSR-HARDWARE-MIB,1.3.6.1.4.1.52.2501.1.200
CTRON-SSR-L2-MIB,1.3.6.1.4.1.52.2501.1.500
CTRON-SSR-L3-MIB,1.3.6.1.4.1.52.2501.1.600
CTRON-SSR-POLICY-MIB,1.3.6.1.4.1.52.2501.1.210
CTRON-SSR-SERVICE-STATUS-MIB,1.3.6.1.4.1.52.2501.1.700
CTRON-SSR-SMI-MIB,1.3.6.1.4.1.52.2501
CTRON-SSR-TRAP-MIB,1.3.6.1.4.1.52.2501.1.300
CTRON-VLAN-CLASSIFY-MIB,1.3.6.1.4.1.52.4.1.2.16.6
DATA-DOMAIN-MIB,1.3.6.1.4.1.19746
DEVICE,1.3.6.1.4.1.23695.200.1.1.1
DIAL-CONTROL-MIB,1.3.6.1.2.1.10.21
DIFFSERV-DSCP-TC,1.3.6.1.2.1.96
DIFFSERV-MIB,1.3.6.1.2.1.97
DIGIPDU-MIB,1.3.6.1.4.1.10456.3
DISMAN-EVENT-MIB,1.3.6.1.2.1.88
DISMAN-NSLOOKUP-MIB,1.3.6.1.2.1.82
DISMAN-PING-MIB,1.3.6.1.2.1.80
DISMAN-SCHEDULE-MIB,1.3.6.1.2.1.63
DISMAN-SCRIPT-MIB,1.3.6.1.2.1.64
DISMAN-TRACEROUTE-MIB,1.3.6.1.2.1.81
DKSF-70-6-X-X-1,1.3.6.1.4.1.25728.70
DLSW-MIB,1.3.6.1.2.1.46
DNS-RESOLVER-MIB,1.3.6.1.2.1.32.2
DNS-SERVER-MIB,1.3.6.1.2.1.32.1
DOCS-CABLE-DEVICE-MIB,1.3.6.1.2.1.69
DOCS-IF-MIB,1.3.6.1.2.1.10.127
DOT3-OAM-MIB,1.3.6.1.2.1.158
DS1-MIB,1.3.6.1.2.1.10.18
DS3-MIB,1.3.6.1.2.1.10.30
DVMRP-MIB,1.3.6.1.3.62
DVMRP-STD-MIB,1.3.6.1.3.62
EATON-ATS2-MIB,1.3.6.1.4.1.534.10.2
EATON-EMP-MIB,1.3.6.1.4.1.534.1.6.0
EATON-EPDU-MIB,1.3.6.1.4.1.534.6.6.7
EATON-OIDS,1.3.6.1.4.1.534
EATON-SENSOR-MIB,1.3.6.1.4.1.534.6.8.1
EIP-DNSBLAST-MIB,1.3.6.1.4.1.2440
EIP-MON-MIB,1.3.6.1.4.1.2440
EKINOPS-MGNT2-MIB,1.3.6.1.4.1.20044.7
EKINOPS-MGNT2-NMS-MIB,1.3.6.1.4.1.20044.1000
EKINOPS-MIB,1.3.6.1.4.1.20044
ELTEK-COMMON-MIB,1.3.6.1.4.1.12148
ELTEK-DISTRIBUTED-MIB,1.3.6.1.4.1.12148
ELTEX-LTP8X-STANDALONE,1.3.6.1.4.1.35265.1.22.1
ELTEX-LTP8X,1.3.6.1.4.1.35265.1.22
ELTEX-MES-HWENVIROMENT-MIB,1.3.6.1.4.1.35265.1.23.11
ELTEX-MES,1.3.6.1.4.1.35265.1.23
ELTEX-PP4,1.3.6.1.4.1.35265.1.13
ELTEX-SMI-ACTUAL,1.3.6.1.4.1.35265
ENLOGIC-PDU-MIB,1.3.6.1.4.1.38446
ENTERASYS-MIB-NAMES,1.3.6.1.4.1.5624.1.2.1
ENTERASYS-RESOURCE-UTILIZATION-MIB,1.3.6.1.4.1.5624.1.2.49
ENTITY-MIB,1.3.6.1.2.1.47
ENTITY-SENSOR-MIB,1.3.6.1.2.1.99
ENTITY-STATE-MIB,1.3.6.1.2.1.131
ENTITY-STATE-TC-MIB,1.3.6.1.2.1.130
ENVIROMUX-1W-MIB,1.3.6.1.4.1.3699.1.1.12
EQL-DCB-MIB,1.3.6.1.4.1.12740.19
EQL-LLDP-MIB,1.3.6.1.4.1.12740.21
EQLACCESS-MIB,1.3.6.1.4.1.12740.24
EQLAGENT-MIB,1.3.6.1.4.1.12740.12
EQLAPPLIANCE-MIB,1.3.6.1.4.1.12740.17
EQLCONTROLLER-MIB,1.3.6.1.4.1.12740.4
EQLDISK-MIB,1.3.6.1.4.1.12740.3
EQLGROUP-MIB,1.3.6.1.4.1.12740.1
EQLINTERNAL-MIB,1.3.6.1.4.1.12740.27
EQLIPADDR-MIB,1.3.6.1.4.1.12740.9
EQLIPSEC-MIB,1.3.6.1.4.1.12740.22
EQLISCSI-MIB,1.3.6.1.4.1.12740.11
EQLMEMBER-MIB,1.3.6.1.4.1.12740.2
EQLNAS-MIB,1.3.6.1.4.1.12740.18
EQLRAID-MIB,1.3.6.1.4.1.12740.10
EQLREPLPARTNER-MIB,1.3.6.1.4.1.12740.26
EQLSTORAGECONTAINER-MIB,1.3.6.1.4.1.12740.25
EQLSTORAGEPOOL-MIB,1.3.6.1.4.1.12740.16
EQLTAG-MIB,1.3.6.1.4.1.12740.23
EQLVOLBALANCER-MIB,1.3.6.1.4.1.12740.14
EQLVOLUME-MIB,1.3.6.1.4.1.12740.5
EQUALLOGIC-SMI,1.3.6.1.4.1.12740
EQUIPMENT-MIB,1.3.6.1.4.1.1038.107
EXCELIANCE-MIB,1.3.6.1.4.1.23263
EXTRAHOP-MIB,1.3.6.1.4.1.32015
EdgeSwitch-BOXSERVICES-PRIVATE-MIB,1.3.6.1.4.1.4413.1.1.43
EdgeSwitch-INVENTORY-MIB,1.3.6.1.4.1.4413.1.1.13
EdgeSwitch-LOGGING-MIB,1.3.6.1.4.1.4413.1.1.14
EdgeSwitch-REF-MIB,1.3.6.1.4.1.4413
EdgeSwitch-SWITCHING-MIB,1.3.6.1.4.1.4413.1.1.1
EtherLike-MIB,1.3.6.1.2.1.35
ExaltComProducts,1.3.6.1.4.1.25651.1
ExtendAirG2,1.3.6.1.4.1.25651.1.2.3.1.57
F5-BIGIP-APM-MIB,1.3.6.1.4.1.3375.2.6
F5-BIGIP-COMMON-MIB,1.3.6.1.4.1.3375
F5-BIGIP-GLOBAL-MIB,1.3.6.1.4.1.3375.2.3
F5-BIGIP-LOCAL-MIB,1.3.6.1.4.1.3375.2.2
F5-BIGIP-SYSTEM-MIB,1.3.6.1.4.1.3375.2.1
F5-BIGIP-WAM-MIB,1.3.6.1.4.1.3375.2.7
F5-EM-MIB,1.3.6.1.4.1.3375.3
FJDARY-E150,1.3.6.1.4.1.211.1.21.1.150
FLOAT-TC-MIB,1.3.6.1.2.1.201
FOKUS-MIB,1.3.6.1.4.1.12325
FOUNDRY-SN-MAC-AUTHENTICATION-MIB,1.3.6.1.4.1.1991.1.1.3.28
FOUNDRY-SN-MAC-VLAN-MIB,1.3.6.1.4.1.1991.1.1.3.30
FOUNDRY-SN-MRP-MIB,1.3.6.1.4.1.1991.1.1.3.29
FRAME-RELAY-DTE-MIB,1.3.6.1.2.1.10.32
FREEBSD-MIB,1.3.6.1.4.1.2238
FREENAS-MIB,1.3.6.1.4.1.50536
FROGFOOT-RESOURCES-MIB,1.3.6.1.4.1.10002.1.1.1
GAMATRONIC-MIB,1.3.6.1.4.1.6050
GBOND-MIB,1.3.6.1.2.1.211
GIGAMON-SNMP-MIB,1.3.6.1.4.1.26866
GIGE-MIB,1.3.6.1.4.1.1038.17.10
GLOBAL-REG,1.3.6.1.4.1.20246.2.1.1.1
GRE,1.3.6.1.4.1.23695.200.1.11.1
GREENBONE-PRODUCT-MIB,1.3.6.1.4.1.35847.1
GUDEADS-ETS-MIB,1.3.6.1.4.1.28507
HALON-SP-MIB,1.3.6.1.4.1.33234.1.1
HAWK-I2-MIB,1.3.6.1.4.1.3711.24
HC-ALARM-MIB,1.3.6.1.2.1.16.29
HC-PerfHist-TC-MIB,1.3.6.1.2.1.107
HC-RMON-MIB,1.3.6.1.2.1.16.20.5
HCNUM-TC,1.3.6.1.2.1.78
HDSL2-SHDSL-LINE-MIB,1.3.6.1.2.1.10.48
HIPATH-WIRELESS-DOT11-EXTNS-MIB,1.3.6.1.4.1.4329.15.5.3
HIPATH-WIRELESS-HWC-MIB,1.3.6.1.4.1.4329.15.5.2
HIPATH-WIRELESS-PRODUCTS-MIB,1.3.6.1.4.1.4329.15.5.1
HIPATH-WIRELESS-SMI,1.3.6.1.4.1.4329.15
HMPRIV-MGMT-SNMP-MIB,1.3.6.1.4.1.248.14
HOST-RESOURCES-MIB,1.3.6.1.2.1.25.7.1
HOST-RESOURCES-TYPES,1.3.6.1.2.1.25.7.4
HPOV-NNM-MIB,1.3.6.1.4.1.11.2.17.1
IANA-ADDRESS-FAMILY-NUMBERS-MIB,1.3.6.1.2.1.72
IANA-CHARSET-MIB,1.3.6.1.2.1.106
IANA-GMPLS-TC-MIB,1.3.6.1.2.1.152
IANA-ITU-ALARM-TC-MIB,1.3.6.1.2.1.119
IANA-LANGUAGE-MIB,1.3.6.1.2.1.73
IANA-MAU-MIB,1.3.6.1.2.1.154
IANA-PRINTER-MIB,1.3.6.1.2.1.109
IANA-PWE3-MIB,1.3.6.1.2.1.174
IANA-RTPROTO-MIB,1.3.6.1.2.1.84
IANAifType-MIB,1.3.6.1.2.1.30
IB-DHCPONE-MIB,1.3.6.1.4.1.7779.3.1.1.4.1
IB-DNSONE-MIB,1.3.6.1.4.1.7779.3.1.1.3.1
IB-PLATFORMONE-MIB,1.3.6.1.4.1.7779.3.1.1.2.1
IB-SMI-MIB,1.3.6.1.4.1.7779
IBOOTPDU-MIB,1.3.6.1.4.1.1418.6
ICOTERA-I6400-SERIES,1.3.6.1.4.1.29865
ICOTERA-I6800-SERIES,1.3.6.1.4.1.29865
IDRAC-MIB-SMIv2,1.3.6.1.4.1.674.10892.5
IEEE-802DOT17-RPR-MIB,1.0.8802.17.1.1
IEEE8021-BRIDGE-MIB,1.3.111.2.802.1.1.2
IEEE8021-CFM-MIB,1.3.111.2.802.1.1.8
IEEE8021-CFMD8-MIB,1.3.111.2.802.1.1.8
IEEE8021-PAE-MIB,1.0.8802.1.1.1
IEEE8021-Q-BRIDGE-MIB,1.3.111.2.802.1.1.4
IEEE8021-SECY-MIB,1.0.8802.1.1.3
IEEE8021-TC-MIB,1.3.111.2.802.1.1.1
IEEE802171-CFM-MIB,1.0.8802.1.1.3
IEEE8023-LAG-MIB,1.2.840.10006.300.43
IEEE802dot11-MIB,1.2.840.10036
IF-MIB,1.3.6.1.2.1.31
IFOTEC-PRODUCTLIST-MIB,1.3.6.1.4.1.21362.100
IFOTEC-SMI,1.3.6.1.4.1.21362
IGMP-MIB,1.3.6.1.3.59
IGMP-STD-MIB,1.3.6.1.3.59
IMCO-BIG-MIB,1.3.6.1.4.1.2185.1.3
IMCO-LS110-MIB,1.3.6.1.4.1.33283
INT-SERV-MIB,1.3.6.1.2.1.52
INTEGRATED-SERVICES-MIB,1.3.6.1.2.1.52
IONODES-IONSERIES-MIB,1.3.6.1.4.1.40748.1.1.1
IP-FORWARD-MIB,1.3.6.1.2.1.4.24
IP-MIB,1.3.6.1.2.1.48
IPMROUTE-MIB,1.3.6.1.3.60
IPMROUTE-STD-MIB,1.3.6.1.2.1.83
IPO-MIB,1.3.6.1.4.1.6889.2.2
IPO-PHONES-MIB,1.3.6.1.4.1.6889.2.2.1.1.1
IPO-PROD-MIB,1.3.6.1.4.1.6889.1.2
IPS-AUTH-MIB,1.3.6.1.3.99999
IPSEC-VPN,1.3.6.1.4.1.23695.200.1.13
IPV6-FLOW-LABEL-MIB,1.3.6.1.2.1.103
IPV6-ICMP-MIB,1.3.6.1.2.1.56
IPV6-MIB,1.3.6.1.2.1.55
IPV6-MLD-MIB,1.3.6.1.2.1.91
IPV6-TCP-MIB,1.3.6.1.3.86
IPV6-UDP-MIB,1.3.6.1.3.87
IPVS-MIB,1.3.6.1.4.1.12196.12
IRT-COMMONVARBINDS-MIB,1.3.6.1.4.1.19831.1.1.7.1
IRT-DVBT-SINGLETRANSMITTER-MIB,1.3.6.1.4.1.19831.1.1.1.1
IRT-TRANSMITTER-SMI-MIB,1.3.6.1.4.1.19831
ISCSI-MIB,1.3.6.1.3.9999
ISDN-MIB,1.3.6.1.2.1.10.20
ISILON-MIB,1.3.6.1.4.1.12124
ISIS-MIB,1.3.6.1.2.1.138
ITU-ALARM-TC-MIB,1.3.6.1.2.1.120
JUNIPER-MIB,1.3.6.1.4.1.2636.3.1
JUNIPER-SMI,1.3.6.1.4.1.2636
JUNIPER-WX-COMMON-MIB,1.3.6.1.4.1.8239.1.1.3
JUNIPER-WX-GLOBAL-REG,1.3.6.1.4.1.8239.1.1.1
JUNIPER-WX-GLOBAL-TC,1.3.6.1.4.1.8239.1.1.2
JUNIPER-WX-MIB,1.3.6.1.4.1.8239.1.1.4
Juniper-IP-POLICY-MIB,1.3.6.1.4.1.4874.2.2.13
Juniper-MIBs,1.3.6.1.4.1.4874.2.2
Juniper-ROUTER-MIB,1.3.6.1.4.1.4874.2.2.32
Juniper-TC,1.3.6.1.4.1.4874.2.2.1
Juniper-UNI-SMI,1.3.6.1.4.1.4874
KELVIN-pCOWeb-Chiller-MIB,1.3.6.1.4.1.9839.2.1
LAN,1.3.6.1.4.1.23695.200.1.3.1
LANTRONIX-MIB,1.3.6.1.4.1.244
LANTRONIX-SLC-MIB,1.3.6.1.4.1.244.1.1
LCOS-MIB,1.3.6.1.4.1.2356.11
LIEBERT-GP-AGENT-MIB,1.3.6.1.4.1.476.1.42.1.2.1
LIEBERT-GP-CONDITIONS-MIB,1.3.6.1.4.1.476.1.42.1.3.1
LIEBERT-GP-CONTROLLER-MIB,1.3.6.1.4.1.476.1.42.1.7.1
LIEBERT-GP-ENVIRONMENTAL-MIB,1.3.6.1.4.1.476.1.42.1.5.1
LIEBERT-GP-FLEXIBLE-CONDITIONS-MIB,1.3.6.1.4.1.476.1.42.1.11.1
LIEBERT-GP-FLEXIBLE-MIB,1.3.6.1.4.1.476.1.42.1.10.1
LIEBERT-GP-NOTIFICATIONS-MIB,1.3.6.1.4.1.476.1.42.1.4.1
LIEBERT-GP-PDU-MIB,1.3.6.1.4.1.476.1.42.1.9.1
LIEBERT-GP-POWER-MIB,1.3.6.1.4.1.476.1.42.1.6.1
LIEBERT-GP-REGISTRATION-MIB,1.3.6.1.4.1.476.1.42.1.1.1
LIEBERT-GP-SRC-MIB,1.3.6.1.4.1.476.1.42.1.12.1
LIEBERT-GP-SYSTEM-MIB,1.3.6.1.4.1.476.1.42.1.8.1
LLDP-EXT-DCBX-MIB,1.0.8802.1.1.2.1.5.6945
LLDP-EXT-DOT3-MIB,1.0.8802.1.1.2.1.5.4623
LLDP-EXT-MED-MIB,1.0.8802.1.1.2.1.5.1
LLDP-MIB,1.0.8802.1.1.2
LLDP-V2-MIB,1.3.111.2.802.1.1.13
LLDP-V2-TC-MIB,1.3.111.2.802.1.1.12
LM-SENSORS-MIB,1.3.6.1.4.1.2021.13.16.1
LOG-MIB,1.3.6.1.4.1.1038.105
MAIPU-SMI,1.3.6.1.4.1.5651
MAS-MIB-SMIV2-MIB,1.3.6.1.4.1.5951
MAU-MIB,1.3.6.1.2.1.26.6
MBG-SNMP-FDMXPT-MIB,1.3.6.1.4.1.5597.15
MBG-SNMP-LT-MIB,1.3.6.1.4.1.5597.3
MBG-SNMP-LTNG-MIB,1.3.6.1.4.1.5597.30
MBG-SNMP-ROOT-MIB,1.3.6.1.4.1.5597
MBG-SNMP-XPT-MIB,1.3.6.1.4.1.5597.10
MCAFEE-MWG-MIB,1.3.6.1.4.1.1230.2.7
MCAFEE-SMI,1.3.6.1.4.1.1230
MDS-EVENT-MIB,1.3.6.1.4.1.4130.10.4.1
MDS-IF-CELL-MIB,1.3.6.1.4.1.4130.10.2.1
MDS-IF-IEEE80211-MIB,1.3.6.1.4.1.4130.10.2.2
MDS-IF-LN-MIB,1.3.6.1.4.1.4130.10.2.5
MDS-IF-LW-MIB,1.3.6.1.4.1.4130.10.2.6
MDS-IF-NX-MIB,1.3.6.1.4.1.4130.10.2.3
MDS-ORBIT-SMI-MIB,1.3.6.1.4.1.4130.10
MDS-REG-MIB,1.3.6.1.4.1.4130.4
MDS-SERIAL-MIB,1.3.6.1.4.1.4130.10.3.2
MDS-SERVICE-GPS-MIB,1.3.6.1.4.1.4130.10.3.12
MDS-SERVICES-MIB,1.3.6.1.4.1.4130.10.3.1
MDS-SYSTEM-MIB,1.3.6.1.4.1.4130.10.1.1
MEF-SOAM-PM-MIB,1.3.6.1.4.1.15007.1.3
MEF-SOAM-TC-MIB,1.3.6.1.4.1.15007.1.1
MEF-UNI-EVC-MIB,1.3.6.1.4.1.15007.2.2
MGMD-STD-MIB,1.3.6.1.2.1.185
MIB,1.3.6.1.4.1.5951
MICROSEMI-PDSINE-MIB,1.3.6.1.4.1.7428
MIKROTIK-MIB,1.3.6.1.4.1.14988.1
MIMOSA-MIB-TC,1.3.6.1.4.1.43356.3
MIMOSA-NETWORKS-BASE-MIB,1.3.6.1.4.1.43356
MIMOSA-NETWORKS-BFIVE-MIB,1.3.6.1.4.1.43356.2.4.1
MIMOSA-NETWORKS-PTMP-MIB,1.3.6.1.4.1.43356.2.1.2.9
MINI-LINK-MIB,1.3.6.1.4.1.193.223
MITEL-APPCMN-MIB,1.3.6.1.4.1.1027.4.1.2
MITEL-APPLICATION-PLATFORM-LIST-MIB,1.3.6.1.4.1.1027.1.6
MITEL-APPLIST-MIB,1.3.6.1.4.1.1027.1.7
MITEL-CMNALM-MIB,1.3.6.1.4.1.1027.4.9.1
MITEL-MIB,1.3.6.1.4.1.1027
MOXA-EDSG508E-MIB,1.3.6.1.4.1.8691.7.69
MOXA-EDSG512E8POE-MIB,1.3.6.1.4.1.8691.7.108
MOXA-EDSP510A8POE-MIB,1.3.6.1.4.1.8691.7.86
MOXA-IKS6726A-MIB,1.3.6.1.4.1.8691.7.116
MPIOS-MIB,1.3.6.1.4.1.5651.3.20
MPLS-L3VPN-STD-MIB,1.3.6.1.2.1.10.166.11
MPLS-LDP-STD-MIB,1.3.6.1.2.1.10.166.4
MPLS-LSR-MIB,1.3.6.1.3.96
MPLS-LSR-STD-MIB,1.3.6.1.2.1.10.166.2
MPLS-TC-PRIV-STDEXT-MIB,1.3.6.1.2.1.10.166.1
MPLS-TC-STD-MIB,1.3.6.1.2.1.10.166.1
MPLS-TE-MIB,1.3.6.1.3.95
MPLS-TE-STD-MIB,1.3.6.1.2.1.10.166.3
MPLS-VPN-MIB,1.3.6.1.3.118
MSERIES-ALARM-MIB,1.3.6.1.4.1.30826.1.1
MSERIES-ENVMON-MIB,1.3.6.1.4.1.30826.1.4
MSERIES-MIB,1.3.6.1.4.1.30826
MSERIES-PORT-MIB,1.3.6.1.4.1.30826.1.3
MSERIES-TC,1.3.6.1.4.1.30826.1.5
MSTP-MIB,1.3.6.1.2.1.17.8
MTA-MIB,1.3.6.1.2.1.28
NBS-CMMC-MIB,1.3.6.1.4.1.629.200
NBS-CMMCENUM-MIB,1.3.6.1.4.1.629.225
NBS-COHERENT-MIB,1.3.6.1.4.1.629.242
NBS-CONNECTIVITY-MIB,1.3.6.1.4.1.629.238
NBS-EFM-MIB,1.3.6.1.4.1.629.300
NBS-EUSM-MIB,1.3.6.1.4.1.629.202
NBS-FAN-MIB,1.3.6.1.4.1.629.226
NBS-FEC-MIB,1.3.6.1.4.1.629.232
NBS-FECPM-MIB,1.3.6.1.4.1.629.223
NBS-JUMPER-MIB,1.3.6.1.4.1.629.210
NBS-META-MIB,1.3.6.1.4.1.629.205
NBS-MIB,1.3.6.1.4.1.629.250
NBS-OBA-MIB,1.3.6.1.4.1.629.240
NBS-ODSYS-MIB,1.3.6.1.4.1.629.228
NBS-OPTIC-MIB,1.3.6.1.4.1.629.213
NBS-OSA-MIB,1.3.6.1.4.1.629.207
NBS-OTNOH-MIB,1.3.6.1.4.1.629.224
NBS-OTNPM-MIB,1.3.6.1.4.1.629.222
NBS-PART-MIB,1.3.6.1.4.1.629.231
NBS-PRBS-MIB,1.3.6.1.4.1.629.212
NBS-REDUNDANCY-MIB,1.3.6.1.4.1.629.221
NBS-ROADM-MIB,1.3.6.1.4.1.629.235
NBS-SFF-MIB,1.3.6.1.4.1.629.204
NBS-SIGCOND-MIB,1.3.6.1.4.1.629.227
NBS-SIGLANE-MIB,1.3.6.1.4.1.629.236
NBS-SLA-MIB,1.3.6.1.4.1.629.216
NBS-STATS-MIB,1.3.6.1.4.1.629.233
NBS-SYSCOMM-MIB,1.3.6.1.4.1.629.214
NBS-SYSLOG-SERVER-MIB,1.3.6.1.4.1.629.206
NBS-TRAPCONTROL-MIB,1.3.6.1.4.1.629.209
NBS-TUNABLE-MIB,1.3.6.1.4.1.629.203
NBS-USER-SESSION-MIB,1.3.6.1.4.1.629.218
NBS-VLAN-TAGS-MIB,1.3.6.1.4.1.629.219
NE843-MIB,1.3.6.1.4.1.10520.2.1.3
NETAPP-MIB,1.3.6.1.6.3.789
NETBOTZ410-MIB,1.3.6.1.4.1.5528.100.1
NETBOTZV2-MIB,1.3.6.1.4.1.5528.100.1
NETGEAR-BOXSERVICES-PRIVATE-MIB,1.3.6.1.4.1.4526.10.43
NETGEAR-REF-MIB,1.3.6.1.4.1.4413
NETGEAR-SMART-SWITCHING-MIB,1.3.6.1.4.1.4526.11.1
NETGEAR-SWITCHING-MIB,1.3.6.1.4.1.4526.10.1
NETONIX-SWITCH-MIB,1.3.6.1.4.1.46242
NETWORK-SERVICES-MIB,1.3.6.1.2.1.27
NEXANS-BM-MIB,1.3.6.1.4.1.266.20
NIMBLE-MIB,1.3.6.1.4.1.37447
NOTIFICATION-LOG-MIB,1.3.6.1.2.1.92
NS-ROOT-MIB,1.3.6.1.4.1.5951
OG-CONNECT-MIB,1.3.6.1.4.1.25049.10.10
OG-DATA-MIB,1.3.6.1.4.1.25049.10.17
OG-FAILOVER-MIB,1.3.6.1.4.1.25049.10.15
OG-HOST-MIB,1.3.6.1.4.1.25049.10.14
OG-PATTERN-MIB,1.3.6.1.4.1.25049.10.12
OG-PRODUCTS-MIB,1.3.6.1.4.1.25049.11.2
OG-SENSOR-MIB,1.3.6.1.4.1.25049.10.13
OG-SIGNAL-MIB,1.3.6.1.4.1.25049.10.11
OG-SMI-MIB,1.3.6.1.4.1.25049
OG-STATUS-MIB,1.3.6.1.4.1.25049.16
OG-STATUSv2-MIB,1.3.6.1.4.1.25049.17
OG-UPS-MIB,1.3.6.1.4.1.25049.10.16
OMNITRON-MIB,1.3.6.1.4.1.7342.3
OMNITRON-POE-MIB,1.3.6.1.4.1.7342.15
OMNITRON-TC-MIB,1.3.6.1.4.1.7342.11
ONE4NET-MIB,1.3.6.1.4.1.12196
ONEACCESS-CELLULAR-MIB,1.3.6.1.4.1.13191.1.100.1000
ONEACCESS-GLOBAL-REG,1.3.6.1.4.1.13191.1.100.1
ONEACCESS-SHDSL-MIB,1.3.6.1.4.1.13191.10.3.3.3
ONEACCESS-SYS-MIB,1.3.6.1.4.1.13191.1.100.671
OPENBSD-BASE-MIB,1.3.6.1.4.1.30155
OPENBSD-CARP-MIB,1.3.6.1.4.1.30155.6
OPENBSD-MEM-MIB,1.3.6.1.4.1.30155.5
OPENBSD-PF-MIB,1.3.6.1.4.1.30155.1
OPENBSD-SENSORS-MIB,1.3.6.1.4.1.30155.2
ORION-BASE-MIB,1.3.6.1.4.1.20246.2.1.1.2
OSPF-MIB,1.3.6.1.2.1.14
OSPF-TRAP-MIB,1.3.6.1.2.1.14.16
OSPFV3-MIB,1.3.6.1.2.1.191
P-BRIDGE-MIB,1.3.6.1.2.1.17.6
PACKETFLUX-SMI,1.3.6.1.4.1.32050
PACKETFLUX-STANDBYPOWER,1.3.6.1.4.1.32050.2.2
PACKETLOGIC-CHANNEL-MIB,1.3.6.1.4.1.15397.2.2
PACKETLOGIC-HW-MIB,1.3.6.1.4.1.15397.2.30
PACKETLOGIC-HW-SENSORS-MIB,1.3.6.1.4.1.15397.2.30.3
PACKETLOGIC-HW-SFP-MIB,1.3.6.1.4.1.15397.2.30.4
PACKETLOGIC-MIB,1.3.6.1.4.1.15397
PACKETLOGIC-NIC-MIB,1.3.6.1.4.1.15397.2.30.2
PACKETLOGIC-OVERVIEW-MIB,1.3.6.1.4.1.15397.2.40
PACKETLOGIC-RAID-MIB,1.3.6.1.4.1.15397.2.30.1
PACKETLOGIC-SNOOPER-DHCP-MIB,1.3.6.1.4.1.15397.2.10.1
PACKETLOGIC-TRAP-MIB,1.3.6.1.4.1.15397.2.8
PAN-COMMON-MIB,1.3.6.1.4.1.25461.1.1.3
PAN-ENTITY-EXT-MIB,1.3.6.1.4.1.25461.1.1.7
PAN-GLOBAL-REG,1.3.6.1.4.1.25461.1.1.1
PAN-GLOBAL-TC,1.3.6.1.4.1.25461.1.1.2
PAN-LC-MIB,1.3.6.1.4.1.25461.1.1.6
PAN-PRODUCTS-MIB,1.3.6.1.4.1.25461.1.1.4
PAN-TRAPS,1.3.6.1.4.1.25461.1.1.5
PDU-MIB,1.3.6.1.4.1.534
PDU2-MIB,1.3.6.1.4.1.13742
PEAKFLOW-DOS-MIB,1.3.6.1.4.1.9694.1.1
PEAKFLOW-SP-MIB,1.3.6.1.4.1.9694.1.4
PEAKFLOW-TMS-MIB,1.3.6.1.4.1.9694.1.5
PEGASUS-LEAN-TRAP-MIB,1.3.6.1.4.1.6368.2.5
PEGASUS-MIB,1.3.6.1.4.1.6368.2
PEGASUS-SDH-MIB,1.3.6.1.4.1.6368.2.8
PEPVPN-SPEEDFUSION,1.3.6.1.4.1.23695.200.1.10.1
PERFORMANCE-MIB,1.3.6.1.4.1.1038.102
PHION-MIB,1.3.6.1.4.1.10704
PICA-PRIVATE-MIB,1.3.6.1.4.1.35098
PIM-MIB,1.3.6.1.3.61
PM-MIB,1.3.6.1.4.1.10418.17
POWER-ETHERNET-MIB,1.3.6.1.2.1.105
PRIV-LSL-MIB,1.3.6.1.4.1.738.1.5.113
PRIV-VENDORDEF-MIB,1.3.6.1.4.1.738
PROTECTION-MIB,1.3.6.1.4.1.1038.130
PRVT-ALARM-MIB,1.3.6.1.4.1.738.10.111.4
PRVT-BIST-MIB,1.3.6.1.4.1.738.1.5.108
PRVT-CES-MIB,1.3.6.1.4.1.738.1.5.111
PRVT-CFM-MIB,1.3.6.1.4.1.738.1.5.131
PRVT-CONFIGCHANGE-MIB,1.3.6.1.4.1.738.1.5.150
PRVT-CR-LDP-MIB,1.3.6.1.4.1.738.1.6.5.3
PRVT-DHCP-MIB,1.3.6.1.4.1.738.1.5.105
PRVT-DRY-CONTACTS-MIB,1.3.6.1.4.1.738.1.5.112
PRVT-EFM-OAM-MIB,1.3.6.1.4.1.738.10.5.133
PRVT-EGRESS-COUNTERS-MIB,1.3.6.1.4.1.738.1.5.160
PRVT-ELMI-MIB,1.3.6.1.4.1.738.1.5.120
PRVT-EPS-MIB,1.3.6.1.4.1.738.1.5.132
PRVT-EVENT-PROPAGATION-MIB,1.3.6.1.4.1.738.10.5.166
PRVT-HQOS-MIB,1.3.6.1.4.1.738.10.7.5
PRVT-IGMP-SNOOPING-MIB,1.3.6.1.4.1.738.10.5.135
PRVT-INTERWORKING-OS-MIB,1.3.6.1.4.1.738.1.111.1
PRVT-ISIS-MIB,1.3.6.1.4.1.738.10.6.4.4
PRVT-JDSU-MIB,1.3.6.1.4.1.738.1.5.137
PRVT-L2TUNNELING-MIB,1.3.6.1.4.1.738.1.7.3
PRVT-LLDP-MIB,1.3.6.1.4.1.738.1.5.145
PRVT-LMGR-MIB,1.3.6.1.4.1.738.1.6.5.4
PRVT-LMM-MIB,1.3.6.1.4.1.738.10.5.172
PRVT-LOAD-BALANCE-MIB,1.3.6.1.4.1.738.10.6.7
PRVT-MAC-SECURITY-MIB,1.3.6.1.4.1.738.10.5.109
PRVT-MONITOR-SESSION-MIB,1.3.6.1.4.1.738.1.5.1000
PRVT-MPLS-IF-MIB,1.3.6.1.4.1.738.1.6.5.6
PRVT-MPLS-LDP-MIB,1.3.6.1.4.1.738.1.6.5.1
PRVT-MPLS-TE-MIB,1.3.6.1.4.1.738.1.6.5.2
PRVT-MST-MIB,1.3.6.1.4.1.738.1.5.107
PRVT-NETWORK-LOOPBACK-TEST-MIB,1.3.6.1.4.1.738.1.6.7
PRVT-OEM1-PARAMS-MIB,1.3.6.1.4.1.738.1.5.2110
PRVT-OPR-LED-MANAGEMENT-MIB,1.3.6.1.4.1.738.1.5.110
PRVT-OSPF-EXTENSION-MIB,1.3.6.1.4.1.738.1.6.4.2
PRVT-OSPF-MIB,1.3.6.1.4.1.738.10.6.4.2
PRVT-PORT-SECURITY-MIB,1.3.6.1.4.1.738.1.5.109
PRVT-PORTS-AGGREGATION-MIB,1.3.6.1.4.1.738.1.5.106
PRVT-PROTO-PRIORITY-MIB,1.3.6.1.4.1.738.10.5.182
PRVT-PROXY-MANAGER-MIB,1.3.6.1.4.1.738.1.6.6
PRVT-PW-TDM-MIB,1.3.6.1.4.1.738.1.5.200.2
PRVT-QOS-MIB,1.3.6.1.4.1.738.1.7.1
PRVT-RAPS-MIB,1.3.6.1.4.1.738.10.7.4
PRVT-RAPS-SVC-MIB,1.3.6.1.4.1.738.10.7.6
PRVT-REDUNDANCY-MIB,1.3.6.1.4.1.738.10.111.5
PRVT-RESILIENT-LINK-MIB,1.3.6.1.4.1.738.1.5.102
PRVT-RING-EPS-MIB,1.3.6.1.4.1.738.1.5.134
PRVT-RIP-EXTENSION-MIB,1.3.6.1.4.1.738.1.6.4.1
PRVT-ROUTE-MIB,1.3.6.1.4.1.738.10.6.4.3
PRVT-RSVP-MIB,1.3.6.1.4.1.738.1.6.5.7
PRVT-SAA-MIB,1.3.6.1.4.1.738.1.5.130
PRVT-SERV-MIB,1.3.6.1.4.1.738.1.7.2
PRVT-SPANNING-TREE-MIB,1.3.6.1.4.1.738.10.5.107
PRVT-STATISTICS-CES-MIB,1.3.6.1.4.1.738.1.5.114
PRVT-STATISTICS-HISTORY-MIB,1.3.6.1.4.1.738.10.5.180
PRVT-STATISTICS-MIB,1.3.6.1.4.1.738.10.5.181
PRVT-STATISTICSHISTORY-MIB,1.3.6.1.4.1.738.1.5.140
PRVT-STORM-CTL-MIB,1.3.6.1.4.1.738.10.5.171
PRVT-SUPER-VLAN-MIB,1.3.6.1.4.1.738.10.5.136
PRVT-SWITCH-ACCESS-LIST-MIB,1.3.6.1.4.1.738.1.6.1
PRVT-SWITCH-EFM-OAM-MIB,1.3.6.1.4.1.738.1.5.133
PRVT-SWITCH-EV-PROP-MIB,1.3.6.1.4.1.738.1.5.166
PRVT-SWITCH-FIB-MIB,1.3.6.1.4.1.738.1.6.3
PRVT-SWITCH-IPVLAN-MIB,1.3.6.1.4.1.738.1.6.2
PRVT-SWITCH-MIB,1.3.6.1.4.1.738.1.5.100
PRVT-SYNC-ETHERNET-MIB,1.3.6.1.4.1.738.10.5.170
PRVT-SYS-INFO-MIB,1.3.6.1.4.1.738.1.111.2
PRVT-SYS-MON-MIB,1.3.6.1.4.1.738.1.111.3
PRVT-TE-PARAM-MIB,1.3.6.1.4.1.738.1.6.5.9
PRVT-TEMIB-ENTITY-MIB,1.3.6.1.4.1.738.1.6.5.8
PRVT-TWAMP-MIB,1.3.6.1.4.1.738.10.5.240
PRVT-UPS-MIB,1.3.6.1.4.1.738.1.5.103
PRVT-VENDORDEF-MIB,1.3.6.1.4.1.738
PRVT-VRRP-MIB,1.3.6.1.4.1.738.10.5.167
PRVT-Y1564-MIB,1.3.6.1.4.1.738.1.5.129
PT-FM-MIB,1.3.6.1.4.1.193.223.2.3
PT-MIB,1.3.6.1.4.1.18086
PT-MONITOR-MIB,1.3.6.1.4.1.193.223.2.4
PT-PM-MIB,1.3.6.1.4.1.193.223.2.5
PT-RADIOLINK-MIB,1.3.6.1.4.1.193.223.2.7
PT-SFP-MIB,1.3.6.1.4.1.193.223.2.6
PT-TRAP-MIB,1.3.6.1.4.1.193.223.2.2
PT3080-MIB,1.3.6.1.4.1.18086.3080
PTOPO-MIB,1.3.6.1.2.1.79
PULSESECURE-PSG-MIB,1.3.6.1.4.1.12532
PW-STD-MIB,1.3.6.1.2.1.10.246
PW-TC-STD-MIB,1.3.6.1.2.1.188
PerfHist-TC-MIB,1.3.6.1.2.1.58
Printer-MIB,1.3.6.1.2.1.43
Q-BRIDGE-MIB,1.3.6.1.2.1.17.7
QUANTASTOR-SYS-STATS,1.3.6.1.4.1.39324
RADLAN-AAA,1.3.6.1.4.1.89.79
RADLAN-BaudRate-MIB,1.3.6.1.4.1.89.104
RADLAN-COPY-MIB,1.3.6.1.4.1.89.87
RADLAN-DEVICEPARAMS-MIB,1.3.6.1.4.1.89.2
RADLAN-File,1.3.6.1.4.1.89.96
RADLAN-HWENVIROMENT,1.3.6.1.4.1.89.83
RADLAN-IP,1.3.6.1.4.1.89.26
RADLAN-LLDP-MIB,1.3.6.1.4.1.89.110
RADLAN-LOCALIZATION-MIB,1.3.6.1.4.1.89.103
RADLAN-MIB,1.3.6.1.4.1.89
RADLAN-MNGINF-MIB,1.3.6.1.4.1.89.89
RADLAN-PHY-MIB,1.3.6.1.4.1.89.90
RADLAN-Physicaldescription-MIB,1.3.6.1.4.1.89.53
RADLAN-QOS-CLI-MIB,1.3.6.1.4.1.89.88
RADLAN-QOS-SERV,1.3.6.1.4.1.89.99
RADLAN-RMON,1.3.6.1.4.1.89.49
RADLAN-SENSORENTMIB,1.3.6.1.4.1.89.83.4
RADLAN-SNMP-MIB,1.3.6.1.4.1.89.98
RADLAN-SSH-MIB,1.3.6.1.4.1.89.78
RADLAN-SSL,1.3.6.1.4.1.89.100
RADLAN-STACK-MIB,1.3.6.1.4.1.89.107
RADLAN-SYSLOG-MIB,1.3.6.1.4.1.89.82
RADLAN-TIMESYNCHRONIZATION-MIB,1.3.6.1.4.1.89.92
RADLAN-Tuning,1.3.6.1.4.1.89.29
RADLAN-UDP,1.3.6.1.4.1.89.42
RADLAN-rlLcli-MIB,1.3.6.1.4.1.89.74
RADLAN-rndApplications,1.3.6.1.4.1.89.35
RADLAN-rndMng,1.3.6.1.4.1.89.1
RADLAN-vlan-MIB,1.3.6.1.4.1.89.48
RAY-MIB,1.3.6.1.4.1.33555.1
RAY3-MIB,1.3.6.1.4.1.33555
RBN-CPU-METER-CAP,1.3.6.1.4.1.2352.4.22
RBN-CPU-METER-MIB,1.3.6.1.4.1.2352.2.6
RBN-ENVMON-MIB,1.3.6.1.4.1.2352.2.4
RBN-SMI,1.3.6.1.4.1.2352
RBN-TC,1.3.6.1.4.1.2352.5.2
RBT-MIB,1.3.6.1.4.1.17163
RIPv2-MIB,1.3.6.1.2.1.23
RITTAL-CMC-III-CAPABILITY-MIB,1.3.6.1.4.1.2606.7.8
RITTAL-CMC-III-MIB,1.3.6.1.4.1.2606.7
RITTAL-CMC-III-PRODUCTS-MIB,1.3.6.1.4.1.2606.7.7
RITTAL-SMI-MIB,1.3.6.1.4.1.2606
RMCU,1.3.6.1.4.1.15117.1
RMON-MIB,1.3.6.1.2.1.16.20.8
RMON2-MIB,1.3.6.1.2.1.16
RS-COMMON-MIB,1.3.6.1.4.1.2566
RS-XX8000-COMMON-MIB,1.3.6.1.4.1.2566.149.1.163
RS-XX8000-DVB-TX-MIB,1.3.6.1.4.1.2566.149.1.163.3
RSTP-MIB,1.3.6.1.2.1.134
RUGGEDCOM-MIB,1.3.6.1.4.1.15004
RUGGEDCOM-SYS-INFO-MIB,1.3.6.1.4.1.15004.4.2
RemoteKVMDevice-MIB,1.3.6.1.4.1.13742
SAF-ENTERPRISE,1.3.6.1.4.1.7571
SAF-INTEGRA-MIB,1.3.6.1.4.1.7571.100.1.1.7
SAF-INTEGRAB-MIB,1.3.6.1.4.1.7571.100.1.1.7.1
SAF-INTEGRAE-MIB,1.3.6.1.4.1.7571.100.1.1.7.9
SAF-INTEGRAW-MIB,1.3.6.1.4.1.7571.100.1.1.7.2
SAF-INTEGRAX-MIB,1.3.6.1.4.1.7571.100.1.1.7.10
SAGEM-DR-MIB,1.3.6.1.4.1.1038
SCHLEIFENBAUER-DATABUS-MIB,1.3.6.1.4.1.31034.12.1
SCHLEIFENBAUER-PRODUCTS-MIB,1.3.6.1.4.1.31034.13.2
SCHLEIFENBAUER-SMI,1.3.6.1.4.1.31034
SCS-ks-MIB,1.3.6.1.4.1.9839.1.1
SCSI-MIB,1.3.6.1.2.1.999
SCTP-MIB,1.3.6.1.2.1.104
SDH-ETS-MIB,1.3.6.1.4.1.1038.110
SENSATRONICS-EM1,1.3.6.1.4.1.16174.1.1.3
SENSATRONICS-ITTM,1.3.6.1.4.1.16174.1.1.1
SENSATRONICS-SMI,1.3.6.1.4.1.16174
SESSION-MIB,1.3.6.1.4.1.1038.201
SHELF-MIB,1.3.6.1.4.1.1038.150
SIAE-ACM-STATISTICS-MIB,1.3.6.1.4.1.3373.1103.75
SIAE-AGGRL1-MANAGEMENT-MIB,1.3.6.1.4.1.3373.1103.83
SIAE-ALARM-MIB,1.3.6.1.4.1.3373.1103.4
SIAE-CARRIER-AGGRL1-MIB,1.3.6.1.4.1.3373.1103.104
SIAE-CFGM-MIB,1.3.6.1.4.1.3373.1103.30
SIAE-CLOG-MIB,1.3.6.1.4.1.3373.1103.40
SIAE-ECFM-EXT-MIB,1.3.6.1.4.1.3373.1103.94
SIAE-EQUIP-MIB,1.3.6.1.4.1.3373.1103.1
SIAE-EQUIPTYPE-MIB,1.3.6.1.4.1.3373.1103.501
SIAE-FEATUREKEYS-MIB,1.3.6.1.4.1.3373.1103.101
SIAE-HC-MIB,1.3.6.1.4.1.3373.1103.79
SIAE-HITLESS-AGGRL1-MIB,1.3.6.1.4.1.3373.1103.98
SIAE-IFEXT-MIB,1.3.6.1.4.1.3373.1103.73
SIAE-LLF-MIB,1.3.6.1.4.1.3373.1103.85
SIAE-MAB-MIB,1.3.6.1.4.1.3373.1103.93
SIAE-MANOP-MIB,1.3.6.1.4.1.3373.1103.71
SIAE-PMFTP-MIB,1.3.6.1.4.1.3373.1103.31
SIAE-PMG828-MIB,1.3.6.1.4.1.3373.1103.11
SIAE-PMRXPWR-MIB,1.3.6.1.4.1.3373.1103.12
SIAE-PMTXPWR-MIB,1.3.6.1.4.1.3373.1103.13
SIAE-PTP-MIB,1.3.6.1.4.1.3373.1103.100
SIAE-QUEUE-DEPTH-MIB,1.3.6.1.4.1.3373.1103.84
SIAE-RADIO-ENCRYPTION-MIB,1.3.6.1.4.1.3373.1103.96
SIAE-RADIO-SYSTEM-MIB,1.3.6.1.4.1.3373.1103.80
SIAE-RET-MIB,1.3.6.1.4.1.3373.1103.70
SIAE-SAFE-MODE-MIB,1.3.6.1.4.1.3373.1103.99
SIAE-SECURITY-MANAGEMENT-MIB,1.3.6.1.4.1.3373.1103.82
SIAE-SENSOR-TEMP-MIB,1.3.6.1.4.1.3373.1103.77
SIAE-SFP-MIB,1.3.6.1.4.1.3373.1103.74
SIAE-SOFT-MIB,1.3.6.1.4.1.3373.1103.7
SIAE-SYNC-MIB,1.3.6.1.4.1.3373.1103.28
SIAE-TREE-MIB,1.3.6.1.4.1.3373
SIAE-UNIT-MIB,1.3.6.1.4.1.3373.1103.6
SIAE-UNITYPE-MIB,1.3.6.1.4.1.3373.1103.506
SIAE-USER-MIB,1.3.6.1.4.1.3373.1103.5
SILVERPEAK-MGMT-MIB,1.3.6.1.4.1.23867.3.1
SILVERPEAK-PRODUCTS-MIB,1.3.6.1.4.1.23867.1.2
SILVERPEAK-SMI,1.3.6.1.4.1.23867
SILVERPEAK-TC,1.3.6.1.4.1.23867.2.1
SITE-MONITORING-MIB,1.3.6.1.4.1.26854.1.1
SITEBOSS-530-STD-MIB,1.3.6.1.4.1.3052.12
SITEBOSS-550-STD-MIB,1.3.6.1.4.1.3052.10
SITEBOSS-571-STD-MIB,1.3.6.1.4.1.3052.14
SL-ALARM-MIB,1.3.6.1.4.1.4515.1.3.20
SL-ALS-MIB,1.3.6.1.4.1.4515.1.12
SL-CHASSIS-MIB,1.3.6.1.4.1.4515.1.3.18
SL-EDFA-MIB,1.3.6.1.4.1.4515.1.9
SL-ENTITY-MIB,1.3.6.1.4.1.4515.1.3.6
SL-ETH-MIB,1.3.6.1.4.1.4515.1.1.1
SL-EVENT-MIB,1.3.6.1.4.1.4515.1.3.22
SL-FT-MIB,1.3.6.1.4.1.4515.1.3.30
SL-L2TOPOLOGY-MIB,1.3.6.1.4.1.4515.1.3.10
SL-MAIN-MIB,1.3.6.1.4.1.4515.1.3
SL-MUX-MIB,1.3.6.1.4.1.4515.1.5
SL-NE-MIB,1.3.6.1.4.1.4515
SL-OPT-APS-MIB,1.3.6.1.4.1.4515.1.11
SL-OTN-MIB,1.3.6.1.4.1.4515.1.1.15
SL-PM-MIB,1.3.6.1.4.1.4515.1.3.25
SL-PORT-MIB,1.3.6.1.4.1.4515.1.3.14
SL-RADIUS-MIB,1.3.6.1.4.1.4515.1.3.23
SL-RETIMER-MIB,1.3.6.1.4.1.4515.1.1.14
SL-ROADM-MIB,1.3.6.1.4.1.4515.1.1.16
SL-SECU-MIB,1.3.6.1.4.1.4515.1.3.24
SL-SFP-MIB,1.3.6.1.4.1.4515.1.10
SL-SNTP-MIB,1.3.6.1.4.1.4515.1.3.21
SL-SONET-MIB,1.3.6.1.4.1.4515.1.6
SL-SONET-SUP-PM-MIB,1.3.6.1.4.1.4515.1.6.3
SL-TESTS-MIB,1.3.6.1.4.1.4515.1.3.13
SL-XPDR-MIB,1.3.6.1.4.1.4515.1.8
SMON-MIB,1.3.6.1.2.1.16.22
SNA-SDLC-MIB,1.3.6.1.2.1.41
SNMP-COMMUNITY-MIB,1.3.6.1.6.3.18
SNMP-MPD-MIB,1.3.6.1.6.3.11
SNMP-NOTIFICATION-MIB,1.3.6.1.6.3.13
SNMP-PROXY-MIB,1.3.6.1.6.3.14
SNMP-USER-BASED-SM-MIB,1.3.6.1.6.3.15
SNMP-USM-AES-MIB,1.3.6.1.6.3.20
SNMP-USM-DH-OBJECTS-MIB,1.3.6.1.3.101
SNMP-VIEW-BASED-ACM-MIB,1.3.6.1.6.3.16
SNMPv2-MIB,1.3.6.1.6.3.1
SONET-MIB,1.3.6.1.2.1.10.39
SPRIF-MIB,1.3.6.1.4.1.1038.180
SQUID-MIB,1.3.6.1.4.1.3495.1
SSU2000-MIB,1.3.6.1.4.1.601.3.1.1
STEELHEAD-MIB,1.3.6.1.4.1.17163.1.1
STORMSHIELD-ALARM-MIB,1.3.6.1.4.1.11256.1.5
STORMSHIELD-ASQ-STATS-MIB,1.3.6.1.4.1.11256.1.12
STORMSHIELD-AUTHUSERS-MIB,1.3.6.1.4.1.11256.1.2
STORMSHIELD-AUTOUPDATE-MIB,1.3.6.1.4.1.11256.1.9
STORMSHIELD-HA-MIB,1.3.6.1.4.1.11256.1.11
STORMSHIELD-IF-MIB,1.3.6.1.4.1.11256.1.4
STORMSHIELD-IPSEC-STATS-MIB,1.3.6.1.4.1.11256.1.13
STORMSHIELD-POLICY-MIB,1.3.6.1.4.1.11256.1.8
STORMSHIELD-PROPERTY-MIB,1.3.6.1.4.1.11256.1.0
STORMSHIELD-SERVICES-MIB,1.3.6.1.4.1.11256.1.7
STORMSHIELD-SYSTEM-MONITOR-MIB,1.3.6.1.4.1.11256.1.10
STORMSHIELD-VPNSA-MIB,1.3.6.1.4.1.11256.1.1
STXN-GLOBALREGISTER-MIB,1.3.6.1.4.1.2509.6.1
SUB10SYSTEMS-MIB,1.3.6.1.4.1.39003
SUPERMICRO-HEALTH-MIB,1.3.6.1.4.1.10876.2.1
SUPERMICRO-SD5-MIB,1.3.6.1.4.1.10876.100.1
SUPERMICRO-SMI,1.3.6.1.4.1.10876
SYMM-SMI,1.3.6.1.4.1.9070
SYNOLOGY-DISK-MIB,1.3.6.1.4.1.6574.2
SYNOLOGY-RAID-MIB,1.3.6.1.4.1.6574.3
SYNOLOGY-SYSTEM-MIB,1.3.6.1.4.1.6574.1
SYSAPPL-MIB,1.3.6.1.2.1.54
Sentry3-MIB,1.3.6.1.4.1.1718.3
Sentry4-MIB,1.3.6.1.4.1.1718.4
TAIT-COMMON-MIB,1.3.6.1.4.1.3570.1.1.1
TAIT-INFRA93-94SERIES-COMMON-MIB,1.3.6.1.4.1.3570.1.1.10
TAIT-INFRA93-94SERIES-TC-MIB,1.3.6.1.4.1.3570.1.1.10.1
TAIT-INFRA93SERIES-MIB,1.3.6.1.4.1.3570.1.1.10.2
TAIT-INFRA93SERIES-TC-MIB,1.3.6.1.4.1.3570.1.1.10.1.1
TAIT-TN9300-MIB,1.3.6.1.4.1.3570.1.1.11
TAIT-TN9300-TC,1.3.6.1.4.1.3570.1.1.11.1
TCP-MIB,1.3.6.1.2.1.49
TEGILE-MIB,1.3.6.1.4.1.43906
TEL2N-MIB,1.3.6.1.4.1.6530
TNMS-NBI-MIB,1.3.6.1.4.1.42229.6.22
TPDIN2-MIB,1.3.6.1.4.1.45621.2
TRAPEZE-NETWORKS-ROOT-MIB,1.3.6.1.4.1.14525
TRAPEZE-NETWORKS-SYSTEM-MIB,1.3.6.1.4.1.14525.4.8
TUNNEL-MIB,1.3.6.1.2.1.10.131
UCD-DEMO-MIB,1.3.6.1.4.1.2021.14
UCD-DISKIO-MIB,1.3.6.1.4.1.2021.13.15
UCD-DLMOD-MIB,1.3.6.1.4.1.2021.13.14
UCD-IPFWACC-MIB,1.3.6.1.4.1.2021.13.1
UCD-SNMP-MIB,1.3.6.1.4.1.2021
UDP-MIB,1.3.6.1.2.1.50
UPS-MIB,1.3.6.1.2.1.33
VALERE-DC-POWER-MIB,1.3.6.1.4.1.13858
VDSL-LINE-MIB,1.3.6.1.2.1.10.97
VDSL2-LINE-MIB,1.3.6.1.2.1.10.251
VDSL2-LINE-TC-MIB,1.3.6.1.2.1.10.251.3
VEL-HOST2-MIB,1.3.6.1.4.1.27993.5
VEL-MIB,1.3.6.1.4.1.27993
VERTIV-V5-MIB,1.3.6.1.4.1.21239
VIPRINET-MIB,1.3.6.1.4.1.35424
VPN-TC-STD-MIB,1.3.6.1.2.1.129
VRRP-MIB,1.3.6.1.2.1.68
VRRPV3-MIB,1.3.6.1.2.1.207
WAN,1.3.6.1.4.1.23695.2
WAYSTREAM-COPY-MIB,1.3.6.1.4.1.9303.3.2
WAYSTREAM-IGMP-CACHE-MIB,1.3.6.1.4.1.9303.4.13
WAYSTREAM-MIB,1.3.6.1.4.1.9303.4.1
WAYSTREAM-PRODUCTS-MIB,1.3.6.1.4.1.9303.5.2
WAYSTREAM-RPM-MIB,1.3.6.1.4.1.9303.4.14
WAYSTREAM-SMI,1.3.6.1.4.1.9303
WEBMON-EDGE-MATRIX-MIB,1.3.6.1.4.1.994.3.4.3
WHISP-GLOBAL-REG-MIB,1.3.6.1.4.1.161.19.1.1.1
WHISP-TCV2-MIB,1.3.6.1.4.1.161.19.1.1.3
WISI-GTMODULES-MIB,1.3.6.1.4.1.7465.20.2.9.1.2
WISI-GTSENSORS-MIB,1.3.6.1.4.1.7465.20.2.9.1.3
WISI-GTSETTINGS-MIB,1.3.6.1.4.1.7465.20.2.9.1.5
WISI-TANGRAM-MIB,1.3.6.1.4.1.7465.20.2.9.0
WLC,1.3.6.1.4.1.23695.4
WTI-MPC-MIB,1.3.6.1.4.1.2634.3
WTI-POWER-MIB,1.3.6.1.4.1.2634.3
XCONNECTION-MIB,1.3.6.1.4.1.1038.108
XF-RADIOLINK-PTP-MODEM-MIB,1.3.6.1.4.1.193.81.3.4.2
XF-RADIOLINK-PTP-RADIO-MIB,1.3.6.1.4.1.193.81.3.4.3
XF-RADIOLINK-PTP-TERMINAL-MIB,1.3.6.1.4.1.193.81.3.4.1
XF-RADIOLINK-RLT-MIB,1.3.6.1.4.1.193.81.3.4.5
XF-SOFTWARE-MIB,1.3.6.1.4.1.193.81.2.7
XF-TOP-MIB,1.3.6.1.4.1.193.81
XIRRUS-MIB,1.3.6.1.4.1.21013
XUPS-MIB,1.3.6.1.4.1.534.1
